Type,SKU,Name,Published,Is featured?,Visibility in catalog,Short description,Description,Regular price,Categories,Tags
simple,SET-QUOTE-001,Free Jamaica Solar Readiness Review,1,1,visible,"Free intake for homeowners and small businesses considering solar, battery backup, or hurricane-preparedness power.","A no-cost readiness review for Jamaican homeowners, renters, SMEs, churches, and schools. S.E.T. reviews the basic power need, parish, roof or site constraints, and whether a quote visit makes sense. Final recommendations depend on site details, installer availability, supplier stock, freight, and written quotation.",0,"Quote Requests","solar quote, jamaica solar, lead capture"
simple,SET-QUOTE-003,3 kW Hybrid Solar Package - Quote Only,1,0,visible,"Entry hybrid solar and battery package for light household backup needs.","Quote-only package for essential loads such as lights, Wi-Fi, refrigeration, fans, and selected outlets. Final design and pricing require site visit, load review, equipment availability, customs/import review, and installer approval.",,"Solar Packages","quote only, hybrid solar, battery backup"
simple,SET-QUOTE-005,5 kW Hybrid Solar Package - Quote Only,1,1,visible,"Mid-size solar and battery backup package for homes and small offices.","Quote-only package for households or small offices needing broader backup coverage. Final design and pricing require site visit, load review, roof/space assessment, equipment availability, customs/import review, and installer approval.",,"Solar Packages","quote only, hybrid solar, battery backup"
simple,SET-QUOTE-010,10 kW SME Solar Backup Package - Quote Only,1,0,visible,"Commercial-grade solar and battery package for SMEs, churches, schools, and larger homes.","Quote-only package for higher-load sites that need structured site assessment, electrical review, installation planning, warranty review, and written proposal. No automatic checkout.",,"Solar Packages","quote only, sme solar, commercial solar"
simple,SET-QUOTE-WH,Church School and SME Energy Audit,1,0,visible,"Energy review for churches, schools, small hotels, clinics, and business sites.","Structured intake for organizations that need power stability, bill reduction, or backup planning. S.E.T. collects load profile, site type, operating hours, and emergency power priorities before routing to qualified partners.",,"Quote Requests","energy audit, sme, church, school"
simple,SET-ACC-LIGHT-001,Solar Motion Security Light - Supplier Verification Pending,0,0,hidden,"Low-ticket solar security light candidate. Not public until supplier and shipping are verified.","Candidate WooCommerce checkout product. Publish only after supplier confirms Jamaica shipping, warranty, replacement policy, sample quality, waterproof rating, battery chemistry, and delivery timeline.",,"Solar Accessories","pending supplier, solar light"
simple,SET-ACC-LANTERN-001,Emergency Solar Lantern - Supplier Verification Pending,0,0,hidden,"Emergency solar lantern candidate for hurricane-preparedness buyers.","Candidate low-ticket product. Publish only after sample test, Jamaica shipping confirmation, battery safety review, warranty, and return process are documented.",,"Solar Accessories","pending supplier, emergency power"
simple,SET-ACC-FAN-001,Portable Rechargeable Fan - Supplier Verification Pending,0,0,hidden,"Portable fan candidate for backup and outage-prep category.","Candidate low-ticket product. Publish only after supplier verification, sample test, delivery timing, and replacement policy are confirmed.",,"Solar Accessories","pending supplier, fan"
simple,SET-ACC-MONITOR-001,Plug-In Energy Monitor - Supplier Verification Pending,0,0,hidden,"Energy monitor candidate for customers who want to understand appliance loads.","Candidate low-ticket product. Publish only after voltage/plug compatibility, supplier warranty, Jamaica shipping, and sample testing are confirmed.",,"Energy Saving Accessories","pending supplier, energy monitor"
